Station Code,Location Code,Datalogger Place,Offset,Length,Start Date,End Date
ABAZ,10,Whangaparaoa Navy Base,0,3,2008-10-12T15:00:00Z,9999-01-01T00:00:00Z
AC1A,10,Wards Pass #1,0,3,2001-09-11T15:00:01Z,2002-01-22T09:00:00Z
AC2A,10,Wards Pass #2,0,3,2001-09-12T14:00:01Z,2002-01-22T09:00:00Z
AC3A,10,Acheron,0,3,2001-07-31T11:00:00Z,2002-01-22T10:00:00Z
AC5A,10,Wards Pass #5,0,3,2001-07-31T16:00:00Z,2001-11-27T10:00:00Z
AIRO,10,Airedale,0,3,2014-09-17T15:00:00Z,2015-04-14T14:00:00Z
AKCZ,10,Akaroa Harbour,0,3,2012-02-29T11:00:00Z,9999-01-01T00:00:00Z
ALRZ,10,Allen Road Cliffs,0,3,2007-11-06T13:00:00Z,9999-01-01T00:00:00Z
AMCZ,10,"Amberley, Maskells Rd",0,3,2012-06-26T11:00:01Z,9999-01-01T00:00:00Z
AMF,10,Ambury Farm,0,3,2008-03-11T09:01:00Z,2008-03-13T11:00:00Z
AN01,10,"Cape Bird, Antarctica",0,3,1999-10-29T11:00:02Z,2000-01-21T10:59:59Z
AN02,10,"Cape Roberts, Antarctica",0,3,1999-11-01T11:00:02Z,2000-01-21T11:00:00Z
AN04,10,"Marble Point, Antarctica",0,3,1999-11-02T11:00:02Z,2000-01-21T11:00:00Z
AN05,10,"Butter Point, Antarctica",0,3,1999-11-02T11:00:02Z,2000-01-21T11:00:00Z
AN06,10,"Lower Wright Valley, Antarctica",0,3,1999-11-07T11:00:02Z,2000-01-21T11:00:00Z
AN07,10,"Labyrinth, Antarctica",0,3,1999-11-07T11:00:02Z,2000-01-22T11:00:00Z
AN08,10,"Mount Fleming, Antarctica",0,3,1999-11-08T11:00:02Z,2000-01-22T11:00:00Z
AN10,10,"Lake Chad, Antarctica",0,3,1999-12-06T11:00:02Z,2000-01-20T11:00:00Z
ANWZ,10,Angora Road,0,3,2008-08-06T12:05:00Z,9999-01-01T00:00:00Z
APZ,10,The Paps,0,3,2006-05-06T15:23:54Z,2007-05-02T10:00:00Z
APZ,10,The Paps,3,3,2007-05-02T10:00:01Z,9999-01-01T00:00:00Z
APZ,20,The Paps,0,3,2007-05-02T10:00:01Z,9999-01-01T00:00:00Z
ARAZ,10,Aratiatia Landcorp Farm,0,3,2007-05-20T11:00:00Z,9999-01-01T00:00:00Z
ARCZ,10,Arundel,0,3,2014-05-12T12:05:00Z,9999-01-01T00:00:00Z
ARHZ,10,Aropaoanui,0,3,2010-03-11T08:16:00Z,9999-01-01T00:00:00Z
AUCT,40,Devonport Naval Base,0,1,2009-03-26T01:10:02Z,9999-01-01T00:00:00Z
AUCT,41,Devonport Naval Base,1,1,2009-03-26T01:10:02Z,9999-01-01T00:00:00Z
AVIO,10,Aviemore,0,3,2014-09-17T10:30:00Z,2015-04-14T12:00:00Z
AWAZ,10,Awhitu Peninsula,0,3,2010-12-13T12:00:00Z,9999-01-01T00:00:00Z
BB0,10,GNS Gracefield (Hutton),0,3,2003-11-11T11:00:00Z,2003-11-16T11:00:00Z
BB0,10,"Mount Priestley, David Glacier, Antarctica",0,3,2003-11-11T11:00:00Z,2004-01-20T11:00:00Z
BB1,10,"Mount Joyce, David Glacier, Antarctica",0,3,2003-11-12T11:00:01Z,2004-01-21T11:00:00Z
BB2,10,"Hughes Bluff, David Glacier, Antarctica",0,3,2003-11-16T11:00:00Z,2004-01-21T11:00:00Z
BB4,10,GNS Gracefield (Hutton),0,3,2003-11-13T11:00:00Z,2004-01-20T11:00:00Z
BB4,10,"Trio, David Glacier, Antarctica",0,3,2003-11-13T11:00:00Z,2004-01-20T11:00:00Z
BBCX,10,Breaker Bay Cliff,0,3,2015-03-23T11:10:00Z,9999-01-01T00:00:00Z
BBCX,20,Breaker Bay Cliff,0,3,2014-08-24T12:05:00Z,9999-01-01T00:00:00Z
BCKZ,30,Raoul Island Boat Cove,2,1,2009-05-17T13:00:00Z,9999-01-01T00:00:00Z
BCOF,10,North of Bare Cone,0,3,2007-10-17T09:20:02Z,2007-11-27T09:00:00Z
BFZ,10,Birch Farm,3,3,2003-07-29T17:00:00Z,2008-11-09T09:13:00Z
BFZ,10,Birch Farm,0,3,2008-11-09T09:13:01Z,9999-01-01T00:00:00Z
BFZ,20,Birch Farm,0,3,2003-07-29T17:00:00Z,2008-11-09T09:13:00Z
BFZ,20,Birch Farm,3,3,2008-11-09T09:13:01Z,9999-01-01T00:00:00Z
BHHZ,10,Black Hill Station,0,3,2008-06-11T12:00:01Z,9999-01-01T00:00:00Z
BHW,10,Baring Head,0,3,2003-06-13T22:00:00Z,9999-01-01T00:00:00Z
BKZ,10,Black Stump Farm,3,3,2004-02-10T13:00:00Z,2013-10-08T11:00:00Z
BKZ,10,Black Stump Farm,0,3,2013-10-08T11:00:01Z,9999-01-01T00:00:00Z
BKZ,20,Black Stump Farm,0,3,2004-02-10T13:00:00Z,2013-10-08T11:00:00Z
BKZ,20,Black Stump Farm,3,3,2013-10-08T11:00:01Z,9999-01-01T00:00:00Z
BRIO,10,Brighton,0,3,2014-03-10T08:32:00Z,2014-10-05T11:30:00Z
BRKS,10,Breaksea Sound,0,3,2009-07-16T12:00:01Z,2009-12-09T17:18:00Z
BSWZ,10,Blackbirch Station,0,3,2003-12-08T11:00:00Z,9999-01-01T00:00:00Z
BYTT,10,Blyth track,0,3,2008-02-13T03:01:00Z,2008-11-20T12:00:00Z
CARD,10,Cairn Hill,0,3,2010-09-04T11:23:02Z,2010-09-28T11:00:00Z
CAW,10,Cannon Point,0,3,2003-05-19T14:00:00Z,9999-01-01T00:00:00Z
CCKO,10,Cattle Creek,0,3,2014-10-10T13:01:00Z,2015-04-11T09:00:00Z
CCKO,10,GNS Wairakei Grange Building Storeroom,0,3,2014-10-10T13:01:00Z,2015-04-11T09:00:00Z
CCW,10,Cape Campbell,0,3,2003-06-14T16:50:00Z,2003-06-19T01:30:00Z
CHIT,40,Owenga,0,1,2007-12-14T23:00:01Z,9999-01-01T00:00:00Z
CHIT,41,Owenga,1,1,2007-12-14T23:00:01Z,9999-01-01T00:00:00Z
CHST,40,Charleston Constant Bay,0,1,2015-06-24T12:00:01Z,9999-01-01T00:00:00Z
CHST,41,Charleston Constant Bay,1,1,2015-06-24T12:00:01Z,9999-01-01T00:00:00Z
CKHZ,10,Cape Kidnappers,0,3,2007-08-28T15:00:00Z,9999-01-01T00:00:00Z
CLFO,10,Clifton,0,3,2014-03-14T09:02:00Z,2014-09-11T12:00:00Z
CMWS,20,Cape Campbell Strong Motion,0,3,2013-07-23T15:00:25Z,2013-11-18T21:00:00Z
CMWZ,10,Cape Campbell,0,3,2003-12-10T06:00:02Z,9999-01-01T00:00:00Z
CNGZ,10,Carnagh Station,0,3,2006-07-21T11:00:01Z,9999-01-01T00:00:00Z
CNZ,10,Chateau Observatory,1,1,1999-11-30T15:00:00Z,2006-01-03T18:00:00Z
CONO,10,Conical Hill Otago,0,3,2014-03-16T07:20:00Z,2014-09-11T12:00:00Z
COVZ,10,Chateau Observatory,3,3,2010-11-30T09:50:00Z,2013-05-23T12:00:00Z
COVZ,10,Chateau Observatory Borehole,0,3,2009-11-01T10:31:00Z,2010-11-30T09:30:00Z
COVZ,30,Chateau Observatory,0,1,2007-03-08T11:01:00Z,2010-11-30T09:30:00Z
COVZ,30,Chateau Observatory,3,1,2010-11-30T09:30:01Z,9999-01-01T00:00:00Z
CPIT,40,Castlepoint Tsunami,0,1,2009-09-15T15:00:00Z,9999-01-01T00:00:00Z
CPIT,41,Castlepoint Tsunami,1,1,2009-09-15T15:00:00Z,9999-01-01T00:00:00Z
CPWZ,10,Castlepoint Station,0,3,2009-07-06T13:00:00Z,9999-01-01T00:00:00Z
CRLZ,10,Canterbury Ring Laser,3,3,2003-03-11T11:00:00Z,9999-01-01T00:00:00Z
CRLZ,20,Canterbury Ring Laser,0,3,2003-03-11T11:00:00Z,9999-01-01T00:00:00Z
CSCP,10,Craig's Peak,0,3,2013-07-22T12:00:10Z,2013-11-18T21:00:00Z
CSCS,20,Craig's Peak strong-motion,0,3,2013-07-22T12:00:10Z,2013-11-18T21:00:00Z
CSKK,10,Kekerengu Valley Road,0,3,2013-07-23T12:00:20Z,2013-11-18T21:00:00Z
CSOY,10,Oyster Bay,0,3,2013-07-22T15:00:25Z,2013-11-18T21:00:00Z
CSSR,10,South Renwick,0,3,2013-07-23T10:42:10Z,2013-11-18T21:00:00Z
CSWB,10,White Bluffs,0,3,2013-07-22T17:20:10Z,2013-11-18T21:00:00Z
CSWC,10,White Bluffs Solar Site with Comms,0,3,2013-07-23T17:05:00Z,2013-11-18T21:00:00Z
CSWS,20,White Bluffs strong-motion,0,3,2013-07-22T17:20:10Z,2013-11-18T21:00:00Z
CTND,10,Courtenay,0,3,2010-09-04T13:35:02Z,2010-09-28T11:00:00Z
CTZ,10,Wharekauri,0,3,2007-12-14T18:00:00Z,9999-01-01T00:00:00Z
CTZ,20,Wharekauri,3,3,2007-12-14T18:00:00Z,9999-01-01T00:00:00Z
CVZ,10,Cave West Timaru,0,3,2014-05-15T12:00:15Z,9999-01-01T00:00:00Z
DAGG,10,Dagg Sound,0,3,2009-07-16T14:08:00Z,2009-09-14T09:34:00Z
DCZ,10,Deep Cove,3,3,2005-07-22T12:00:00Z,2015-10-21T11:00:00Z
DCZ,10,Deep Cove,0,3,2015-10-21T16:00:01Z,9999-01-01T00:00:00Z
DCZ,20,Deep Cove,0,3,2005-07-22T12:00:00Z,9999-01-01T00:00:00Z
DFE,10,Taranaki Emergency Management Office,1,1,2008-04-22T11:00:01Z,2010-02-22T13:00:00Z
DKCV,10,Duck Cove,0,3,2009-07-16T10:47:00Z,2009-09-14T18:13:00Z
DREZ,10,Durham Road,0,3,2008-03-04T08:00:00Z,9999-01-01T00:00:00Z
DRZ,10,Chateau Observatory,0,1,1999-11-30T15:00:00Z,2002-02-17T22:09:00Z
DRZ,10,Dome Shelter,0,3,2004-06-15T11:00:00Z,9999-01-01T00:00:00Z
DRZ,11,Chateau Observatory,0,1,2004-02-21T15:00:00Z,2004-06-15T10:00:00Z
DSZ,10,Denniston North,3,3,1998-10-14T11:00:00Z,9999-01-01T00:00:00Z
DSZ,20,Denniston North,0,3,1998-10-14T11:00:00Z,9999-01-01T00:00:00Z
DUNX,10,Duncan Road,0,3,2006-07-23T13:00:01Z,2006-08-16T17:00:00Z
DUVC,10,Duvauchelle,0,3,2011-02-27T10:15:29Z,2011-10-18T11:22:44Z
DUWZ,10,D'Urville Island,0,3,2003-12-09T11:00:00Z,2011-02-23T11:00:00Z
DUWZ,10,D'Urville Island,3,3,2011-02-23T11:00:05Z,2012-02-28T12:30:00Z
DUWZ,10,D'Urville Island,0,3,2012-02-28T13:01:00Z,9999-01-01T00:00:00Z
DUWZ,20,D'Urville Island,0,3,2011-02-23T11:00:05Z,9999-01-01T00:00:00Z
DVHZ,10,Pukeatua Road,0,3,2008-01-13T13:15:00Z,9999-01-01T00:00:00Z
EAZ,10,Earnscleugh,3,3,2004-10-31T11:00:00Z,9999-01-01T00:00:00Z
EAZ,20,Earnscleugh,0,3,2004-10-31T11:00:00Z,9999-01-01T00:00:00Z
EDRZ,10,Mount Edgecumbe,0,1,2006-02-15T11:00:01Z,9999-01-01T00:00:00Z
EDRZ,10,Rotorua Hinemoa Tower (old Trustbank building),7,1,1993-07-06T13:16:00Z,2006-02-15T10:00:00Z
ELDF,10,South of Mount Elder,0,3,2007-10-17T08:00:02Z,2007-11-27T09:00:00Z
EPAZ,10,Eden Park,0,3,2011-08-22T12:01:00Z,9999-01-01T00:00:00Z
ESND,10,Essendon,0,3,2010-09-04T14:53:04Z,2010-09-28T11:00:00Z
ETAZ,10,East Tamaki Reservoir,0,3,2010-02-10T11:00:03Z,9999-01-01T00:00:00Z
ETVZ,10,East Tongariro,0,3,2014-03-11T11:00:00Z,2014-03-19T08:00:00Z
ETVZ,10,East Tongariro,3,3,2014-03-11T11:00:00Z,9999-01-01T00:00:00Z
EYCZ,10,Eyrewell,0,3,2012-03-20T08:00:01Z,2012-03-28T11:00:00Z
FOZ,10,The Sugar Loaf Quarry,3,3,2004-10-12T11:00:00Z,9999-01-01T00:00:00Z
FOZ,20,The Sugar Loaf Quarry,0,3,2004-10-12T11:00:02Z,9999-01-01T00:00:00Z
FWVZ,10,Far West,0,3,1999-05-10T12:00:00Z,2004-09-12T11:00:30Z
FWVZ,10,Far West,3,3,2004-10-22T14:00:00Z,9999-01-01T00:00:00Z
FWVZ,30,Far West,3,1,2001-07-04T13:30:00Z,9999-01-01T00:00:00Z
GBIH,41,Great Barrier Island Navy Field Station,0,1,2007-06-11T12:00:00Z,9999-01-01T00:00:00Z
GBIH,42,Great Barrier Island Navy Field Station,1,1,2007-06-11T12:00:00Z,9999-01-01T00:00:00Z
GBIH,43,Great Barrier Island Navy Field Station,2,1,2007-06-11T12:00:00Z,9999-01-01T00:00:00Z
GBIT,40,Korotiti Bay,0,1,2010-07-25T12:00:00Z,9999-01-01T00:00:00Z
GBIT,41,Korotiti Bay,1,1,2010-07-25T12:00:00Z,9999-01-01T00:00:00Z
GCSZ,10,Whataroa Gaunt Creek,0,3,2012-04-19T12:00:01Z,9999-01-01T00:00:00Z
GIST,40,Eastland Port,0,1,2008-02-12T11:00:01Z,9999-01-01T00:00:00Z
GIST,41,Eastland Port,1,1,2008-02-12T11:00:01Z,9999-01-01T00:00:00Z
GISX,10,Patutahi,0,3,2006-07-22T09:00:01Z,2006-08-16T17:00:00Z
GLKZ,10,Raoul Island Green Lake,3,3,2009-05-18T12:00:00Z,9999-01-01T00:00:00Z
GLKZ,40,Raoul Island Green Lake,3,1,2009-05-18T12:00:00Z,9999-01-01T00:00:00Z
GLKZ,80,Raoul Island Green Lake,4,1,2009-05-17T12:00:01Z,9999-01-01T00:00:00Z
GLKZ,81,Raoul Island Green Lake,5,1,2009-05-17T12:00:01Z,9999-01-01T00:00:00Z
GNSW,30,Old GNS Wairakei,0,1,2006-08-30T12:00:02Z,2007-01-23T12:00:00Z
GNSW,31,Old GNS Wairakei,0,1,2006-08-30T12:00:02Z,2007-01-23T12:00:00Z
GR1A,10,Upcot,0,3,2001-07-30T12:00:00Z,2002-01-21T13:00:00Z
GR2A,10,"Glenlee, Awatere Valley #2",0,3,2001-07-30T14:00:02Z,2002-01-21T14:00:00Z
GR3A,10,"Glenlee, Awatere Valley #3",0,3,2001-07-30T10:00:01Z,2002-01-21T14:00:00Z
GR5A,10,Glenlee,0,3,2001-07-28T12:00:01Z,2002-01-21T15:00:00Z
GRRZ,10,Galatos Road - Hughes Farm,0,3,2009-11-12T12:00:00Z,9999-01-01T00:00:00Z
GRYO,10,Grays,0,3,2014-10-13T08:30:00Z,2015-04-09T10:00:00Z
GRZ,10,Sanderson Farm,3,3,2010-05-09T12:00:01Z,9999-01-01T00:00:00Z
GRZ,20,Sanderson Farm,0,3,2010-05-12T12:00:00Z,9999-01-01T00:00:00Z
GSXX,10,Glenlee Station,0,3,2013-08-20T22:10:00Z,2013-11-18T21:00:00Z
GVZ,10,Greta Valley,0,3,2012-12-03T16:00:00Z,9999-01-01T00:00:00Z
HAMO,10,Hampden,0,3,2014-09-18T12:01:00Z,2015-04-11T17:00:00Z
HARZ,10,Rotorua Hinemoa Tower (old Trustbank building),3,1,1993-07-06T13:16:00Z,2004-04-29T08:25:00Z
HATZ,10,Hinemaiaia,0,1,2003-04-15T01:00:02Z,9999-01-01T00:00:00Z
HATZ,12,Old GNS Wairakei,8,1,1998-04-06T13:00:00Z,2000-12-03T06:00:00Z
HATZ,12,Old GNS Wairakei,4,1,2000-12-02T11:27:00Z,2003-04-14T13:43:00Z
HATZ,12,Old GNS Wairakei,8,1,2000-12-02T11:27:00Z,2000-12-03T06:00:00Z
HAZ,10,Maungaroa Station,3,3,2010-01-13T21:05:00Z,9999-01-01T00:00:00Z
HAZ,20,Maungaroa Station,0,3,2010-01-13T21:05:00Z,9999-01-01T00:00:00Z
HBAZ,10,Bayfield Park Herne Bay,0,3,2009-08-06T12:00:02Z,9999-01-01T00:00:00Z
HHSZ,10,Gracefield GeoNet Undeployed Equipment Store,0,3,2006-04-07T14:00:01Z,2008-06-25T12:00:00Z
HHSZ,10,"Highcliff Hill, Dunedin",0,3,2006-04-07T14:00:01Z,2008-06-25T12:00:00Z
HINO,10,Hindon,0,3,2014-03-13T08:00:02Z,2014-10-06T14:00:00Z
HIZ,10,Hauiti,3,3,2004-02-02T13:00:00Z,2014-01-29T12:00:00Z
HIZ,10,Hauiti,0,3,2014-01-29T12:00:01Z,9999-01-01T00:00:00Z
HIZ,20,Hauiti,0,3,2004-02-02T13:00:00Z,2014-01-29T12:00:00Z
HIZ,20,Hauiti,3,3,2014-01-29T12:00:01Z,9999-01-01T00:00:00Z
HLRZ,10,Highlands Station,0,3,2008-12-02T12:00:00Z,9999-01-01T00:00:00Z
HOWZ,10,Holdsworth Station,0,3,2007-02-22T10:35:00Z,9999-01-01T00:00:00Z
HRRZ,10,Hathaway Farm,0,3,2007-03-21T16:00:00Z,9999-01-01T00:00:00Z
HSRZ,10,Hossack Road,0,3,2010-04-12T15:30:00Z,9999-01-01T00:00:00Z
HWKO,10,Hawkdun,0,3,2014-09-15T10:00:00Z,2015-04-13T14:00:00Z
IDAO,10,Ida Valley,0,3,2014-09-15T12:01:00Z,2015-04-13T12:00:00Z
IF01,10,Matiu-Somes Island,0,3,2008-10-05T10:41:00Z,2009-02-16T10:00:00Z
IF02,10,Horizon International Brick and Paving Centre,0,3,2008-10-23T10:01:00Z,2009-02-11T10:00:00Z
IF03,10,Guthrie Street,0,3,2008-11-23T14:08:00Z,2009-02-11T10:00:00Z
IF04,10,Purser Grove,0,3,2008-11-25T16:11:00Z,2009-02-11T12:30:00Z
IF05,10,Avalon GeoNet Undeployed Equipment Store,0,3,2008-10-23T15:38:00Z,2009-02-10T15:00:00Z
IF05,10,"GNS Science, Avalon",0,3,2008-10-23T15:38:00Z,2009-02-10T15:00:00Z
IF06,10,Hockey Stadium,0,3,2008-10-06T11:46:00Z,2009-02-11T11:00:00Z
IF07,10,Lower Hutt Croft Combined Carriers,0,3,2008-10-06T15:31:00Z,2009-02-11T09:00:00Z
IF08,10,Lower Hutt Emergency Management,0,3,2008-10-02T12:20:00Z,2009-02-11T10:00:00Z
IF09,10,GNS Rafter,0,3,2008-10-02T10:19:00Z,2009-02-11T09:00:00Z
IF10,10,Lower Hutt Rock Site,0,3,2008-09-30T14:14:00Z,2009-02-11T10:00:00Z
IF11,10,Point Howard,0,3,2008-09-30T12:22:00Z,2009-02-12T12:00:00Z
IF12,10,St. Oran's College,0,3,2008-10-02T12:46:00Z,2009-02-11T10:30:00Z
IF13,10,Lower Hutt Unilever,0,3,2008-10-02T09:51:00Z,2009-02-11T09:00:00Z
IF14,10,Petone,0,3,2008-10-08T10:31:00Z,2009-02-12T12:30:00Z
INFR,10,Inferno Crater,0,3,2004-07-07T13:47:00Z,2004-07-24T23:00:00Z
INZ,10,Inchbonnie,0,3,2011-01-25T11:05:00Z,9999-01-01T00:00:00Z
IVVZ,30,Iwikau Village,0,1,2009-01-28T11:00:00Z,9999-01-01T00:00:00Z
JCZ,10,Thirsty Ridge,3,3,2004-06-22T16:20:00Z,9999-01-01T00:00:00Z
JCZ,20,Thirsty Ridge,0,3,2004-06-24T12:00:00Z,9999-01-01T00:00:00Z
KAAZ,10,Auckland Beca House,4,1,2001-03-22T15:39:00Z,2006-12-11T17:00:00Z
KAAZ,10,Kauri Point,0,1,2006-12-11T17:00:01Z,2009-09-07T15:00:00Z
KAHZ,10,Kahuranaki,0,3,2007-06-07T11:00:00Z,9999-01-01T00:00:00Z
KAIT,40,Kaikoura North Wharf,0,1,2010-05-26T13:30:00Z,9999-01-01T00:00:00Z
KAIT,41,Kaikoura North Wharf,1,1,2010-05-26T13:30:00Z,9999-01-01T00:00:00Z
KARC,10,Karaitiana Farm,0,3,2001-01-12T15:01:00Z,2001-06-26T03:50:00Z
KARZ,10,Kaharoa,0,3,2006-07-10T13:00:00Z,9999-01-01T00:00:00Z
KATZ,10,Kakaramea,0,3,2003-04-28T16:00:00Z,9999-01-01T00:00:00Z
KATZ,10,Old GNS Wairakei,3,1,1998-03-25T10:00:00Z,2000-12-03T06:12:00Z
KATZ,12,Old GNS Wairakei,3,1,1996-08-25T00:37:00Z,1996-08-26T17:28:00Z
KAVZ,10,Chateau Observatory,1,1,1999-11-30T15:00:00Z,2004-12-03T08:00:00Z
KAVZ,10,Karewarewa,0,1,2004-12-03T09:00:00Z,2004-12-14T06:00:00Z
KBAZ,10,Karaka Road Borehole,0,3,2008-11-10T11:00:01Z,9999-01-01T00:00:00Z
KEKS,10,Kekerengu Valley Road,0,3,2013-07-23T12:00:10Z,2013-07-23T12:00:15Z
KHEZ,10,Kahui Hut,0,3,2009-05-20T15:00:00Z,2014-10-13T15:00:00Z
KHEZ,10,Kahui Hut,3,3,2014-10-13T15:00:01Z,9999-01-01T00:00:00Z
KHEZ,31,Kahui Hut,3,1,2014-10-13T15:00:01Z,9999-01-01T00:00:00Z
KHEZ,32,Kahui Hut,4,1,2014-10-13T15:00:01Z,9999-01-01T00:00:00Z
KHEZ,33,Kahui Hut,5,1,2014-10-13T15:00:01Z,9999-01-01T00:00:00Z
KHZ,10,Kahutara,3,3,2003-08-05T12:00:00Z,2011-02-22T15:00:00Z
KHZ,10,Kahutara,0,3,2011-02-22T15:05:00Z,9999-01-01T00:00:00Z
KHZ,20,Kahutara,0,3,2003-08-05T12:00:00Z,2011-02-22T15:05:00Z
KHZ,20,Kahutara,3,3,2011-02-22T15:00:01Z,9999-01-01T00:00:00Z
KIW,10,Kapiti Island,0,3,2004-06-09T11:00:00Z,9999-01-01T00:00:00Z
KIWC,10,Kiwitahi,0,3,2001-01-12T01:41:00Z,2001-06-25T05:40:00Z
KMRZ,10,Old Kaimai Road,0,3,2011-03-07T16:00:00Z,9999-01-01T00:00:00Z
KNGC,10,Kaingaroa Forest,0,3,2001-01-11T10:00:01Z,2001-06-26T03:50:00Z
KNZ,10,Kokohu,3,3,1998-10-18T11:00:00Z,9999-01-01T00:00:00Z
KNZ,20,Kokohu,0,3,1999-12-15T09:30:00Z,9999-01-01T00:00:00Z
KOHO,10,Kohika,0,3,2014-10-14T15:10:00Z,2015-04-10T09:00:00Z
KQ01,10,MRP Kawerau Central Site KQ01,0,3,2008-02-12T09:00:00Z,9999-01-01T00:00:00Z
KQ02,10,MRP Kawerau South Site KQ02,0,3,2008-02-12T09:30:00Z,9999-01-01T00:00:00Z
KQ03,10,MRP Kawerau East Site KQ03,0,3,2008-02-12T10:00:00Z,9999-01-01T00:00:00Z
KQ04,10,MRP Kawerau West Site KQ04,0,3,2008-05-13T11:58:00Z,9999-01-01T00:00:00Z
KQ05,10,MRP Kawerau North Site KQ05,0,3,2008-09-04T08:00:03Z,9999-01-01T00:00:00Z
KQB,10,MRP Kawerau Taurus KQB,0,3,2012-04-03T13:00:00Z,9999-01-01T00:00:00Z
KQD,10,MRP Kawerau Taurus KQD,0,3,2012-04-03T13:00:00Z,2014-03-12T11:00:00Z
KQE,10,MRP Kawerau Taurus KQE,0,3,2012-04-03T13:00:00Z,2015-06-22T12:00:00Z
KQF,10,MRP Kawerau Taurus KQF,0,3,2012-04-03T13:00:00Z,9999-01-01T00:00:00Z
KQG,10,MRP Kawerau Taurus KQG,0,3,2012-04-03T13:00:00Z,9999-01-01T00:00:00Z
KQH,10,MRP Kawerau Taurus KQH,0,3,2014-04-09T12:02:00Z,9999-01-01T00:00:00Z
KRHZ,10,Kereru,0,3,2008-04-27T12:01:00Z,9999-01-01T00:00:00Z
KRVZ,10,Karewarewa,0,3,2004-12-03T09:00:00Z,9999-01-01T00:00:00Z
KRVZ,30,Karewarewa,0,1,2012-11-22T07:30:00Z,2012-11-22T08:00:00Z
KRVZ,30,Karewarewa,3,1,2012-11-22T07:30:00Z,9999-01-01T00:00:00Z
KTGO,10,Kaitangata,0,3,2014-03-14T12:41:00Z,2014-09-10T17:00:00Z
KUTZ,10,Kaahu Road,0,3,2010-04-14T14:00:00Z,9999-01-01T00:00:00Z
KUZ,10,Kuaotunu,3,3,2004-02-04T11:00:00Z,9999-01-01T00:00:00Z
KUZ,20,Kuaotunu,0,3,2004-02-04T11:00:00Z,9999-01-01T00:00:00Z
KWHZ,10,Kaweka Forest,0,3,2010-06-01T15:05:00Z,9999-01-01T00:00:00Z
KYEO,10,Kyeburn,0,3,2014-09-16T09:20:00Z,2015-04-13T16:00:00Z
LBZ,10,Totara Peak,3,3,2004-06-03T18:20:00Z,2014-10-01T11:05:00Z
LBZ,10,Totara Peak,0,3,2014-10-01T11:05:01Z,9999-01-01T00:00:00Z
LBZ,20,Totara Peak,0,3,2004-06-03T18:20:00Z,2014-10-01T11:00:00Z
LFRZ,10,Lake Frazer,0,3,2009-07-16T12:21:00Z,2009-12-10T07:13:00Z
LIRZ,10,Lichenstein Road,0,1,2005-11-09T11:00:00Z,9999-01-01T00:00:00Z
LIRZ,10,Rotorua Hinemoa Tower (old Trustbank building),6,1,1993-07-06T13:16:00Z,2005-11-09T10:00:00Z
LNSD,10,Loch Ness,0,3,2010-09-05T10:25:01Z,2010-09-28T10:00:00Z
LOCC,10,Lochinver,0,3,2001-01-11T07:41:00Z,2001-06-25T09:06:00Z
LOGO,10,Logan Burn,0,3,2014-03-12T10:15:00Z,2014-10-09T07:50:00Z
LOTT,40,Lottin Point,0,1,2008-10-02T17:00:01Z,9999-01-01T00:00:00Z
LOTT,41,Lottin Point,1,1,2008-10-02T17:00:01Z,9999-01-01T00:00:00Z
LREZ,10,Lake Rotokare,0,3,2010-01-26T12:00:00Z,9999-01-01T00:00:00Z
LSTC,10,Last Cove,0,3,2009-07-16T13:50:00Z,2009-09-14T10:59:00Z
LTZ,10,Lake Taylor Station,3,3,2004-02-26T15:02:00Z,2013-10-22T16:05:00Z
LTZ,10,Lake Taylor Station,0,3,2013-10-22T16:05:01Z,9999-01-01T00:00:00Z
LTZ,20,Lake Taylor Station,0,3,2004-02-26T11:00:00Z,2013-10-22T16:00:00Z
MAHO,10,Mahinerangi,0,3,2014-03-13T11:01:00Z,2014-09-10T12:00:00Z
MANO,10,Manorburn,0,3,2014-09-15T12:01:00Z,2015-04-13T10:00:00Z
MARZ,10,Manawahe,0,1,2005-11-22T11:00:00Z,9999-01-01T00:00:00Z
MARZ,10,Rotorua Hinemoa Tower (old Trustbank building),4,1,1993-07-06T13:16:00Z,2005-11-22T10:00:00Z
MAVZ,10,Matarangi,0,3,2012-05-21T14:00:00Z,2015-01-08T11:00:00Z
MAVZ,10,Matarangi,3,3,2015-01-08T11:00:01Z,9999-01-01T00:00:00Z
MAVZ,11,Matarangi,0,3,2008-02-06T12:30:00Z,2008-03-05T12:00:00Z
MAVZ,30,Matarangi,3,1,2015-01-08T11:01:00Z,9999-01-01T00:00:00Z
MBAZ,10,Motutapu Island,0,3,2012-10-08T10:30:00Z,2012-10-08T12:45:00Z
MCHD,10,Mitchells,0,3,2010-09-04T14:30:30Z,2010-09-28T11:00:00Z
MCHZ,10,McNeill Hill,0,3,2008-05-26T12:02:00Z,9999-01-01T00:00:00Z
MED1,10,MED1,0,3,2005-01-17T09:26:00Z,2005-03-29T12:00:00Z
MED2,10,Pakarae,0,3,2005-01-17T15:56:00Z,2005-03-29T12:00:00Z
MED3,10,Kaiaua Station,0,3,2005-01-19T09:17:00Z,2005-03-30T12:00:00Z
MED4,10,Turihaua Station,0,3,2005-02-23T15:51:00Z,2005-03-30T12:00:00Z
MGZ,10,Chateau Observatory,4,1,1999-11-30T15:00:00Z,2005-05-11T20:00:00Z
MHCZ,10,Mount Hutt,0,3,2013-05-12T16:00:00Z,2014-04-08T16:00:59Z
MHEZ,10,Otaraoa Road,0,3,2008-03-03T12:00:00Z,9999-01-01T00:00:00Z
MHGZ,10,Okepuha Station,0,3,2006-05-03T17:00:01Z,9999-01-01T00:00:00Z
MILO,10,Millers Flat,0,3,2014-03-11T11:30:00Z,2014-10-06T10:00:00Z
MKAZ,10,Auckland Beca House,1,1,2001-03-22T15:39:00Z,2007-05-06T12:00:00Z
MKAZ,10,Moumoukai,0,1,2007-05-06T13:00:01Z,9999-01-01T00:00:00Z
MKAZ,11,Moumoukai,0,3,2002-08-29T12:20:00Z,2003-01-19T05:00:00Z
MKRZ,10,Makatiti,0,3,2003-05-22T15:00:00Z,9999-01-01T00:00:00Z
MKYD,10,McKay,0,3,2010-09-04T17:31:00Z,2010-09-28T10:30:00Z
MLFO,10,Milford,0,3,2014-10-14T13:00:00Z,2015-04-09T16:00:00Z
MLZ,10,Hikuraki Station,3,3,2003-09-07T12:00:00Z,2014-03-24T11:00:00Z
MLZ,10,Hikuraki Station,0,3,2014-03-24T11:00:01Z,9999-01-01T00:00:00Z
MLZ,20,Hikuraki Station,0,3,2003-09-07T12:00:00Z,2014-03-24T11:00:00Z
MNDO,10,Mandeville,0,3,2014-03-18T08:20:00Z,2014-09-13T12:00:00Z
MNKT,40,Whatipu,0,1,2010-07-14T15:00:00Z,9999-01-01T00:00:00Z
MNKT,41,Whatipu,1,1,2010-07-14T15:00:00Z,9999-01-01T00:00:00Z
MNSD,10,Miners Road,0,3,2010-09-05T10:10:02Z,2010-09-28T11:00:00Z
MOOO,10,Moonlight,0,3,2014-09-14T12:01:00Z,2015-04-14T17:00:00Z
MORO,10,Morrisons,0,3,2014-09-14T12:01:01Z,2015-04-12T10:00:00Z
MOTT,10,Mounds track Tongariro National Park,0,3,2008-02-13T01:01:00Z,2008-11-20T12:00:00Z
MOVZ,10,Moawhango Dam,0,3,2004-06-01T00:00:00Z,9999-01-01T00:00:00Z
MQZ,10,Glencoe Station,3,3,1998-10-22T13:59:00Z,9999-01-01T00:00:00Z
MQZ,20,Glencoe Station,0,3,1998-10-13T11:00:00Z,9999-01-01T00:00:00Z
MRHZ,10,Matea Road,0,3,2010-05-13T15:00:00Z,9999-01-01T00:00:00Z
MRNZ,10,Matariki (seismic) Terrace Road,0,3,2015-04-01T11:00:05Z,9999-01-01T00:00:00Z
MRVO,10,Morven,0,3,2014-10-12T14:10:00Z,2015-04-11T16:00:00Z
MRW,10,Makara Bunker,0,3,2003-11-12T12:00:00Z,2008-06-16T16:40:00Z
MRWZ,10,Makara Bunker,0,3,2008-04-15T10:05:00Z,2008-08-27T13:00:00Z
MRZ,10,Mangatainoka River,3,3,2003-07-30T12:00:00Z,2011-04-12T12:00:00Z
MRZ,10,Mangatainoka River,0,3,2011-04-12T12:00:01Z,9999-01-01T00:00:00Z
MRZ,20,Mangatainoka River,0,3,2003-07-30T12:00:00Z,2011-04-12T12:00:00Z
MSHC,10,Marshland,0,3,2011-02-25T10:00:02Z,2011-10-18T13:22:44Z
MSWZ,10,Moikau Station,0,3,2003-08-28T08:55:00Z,9999-01-01T00:00:00Z
MSZ,10,Milford Sound,3,3,2005-07-19T08:00:00Z,9999-01-01T00:00:00Z
MSZ,20,Milford Sound,0,3,2005-07-19T08:00:00Z,9999-01-01T00:00:00Z
MTAZ,10,Auckland Beca House,0,1,2001-03-22T15:39:00Z,2007-06-24T15:00:00Z
MTAZ,10,Motutapu Island,0,1,2007-06-24T15:00:01Z,2012-10-08T12:30:00Z
MTHZ,10,Maungataniwha,0,3,2011-10-19T11:00:05Z,9999-01-01T00:00:00Z
MTVZ,10,Mangateitei,0,3,2005-03-15T08:00:00Z,9999-01-01T00:00:00Z
MTW,10,Mount Morrison,0,3,2003-06-16T19:55:00Z,9999-01-01T00:00:00Z
MUGZ,10,Murupara,0,3,2011-03-28T11:01:00Z,9999-01-01T00:00:00Z
MWZ,10,Kiriroa,3,3,2004-02-28T11:00:00Z,2011-08-18T00:00:00Z
MWZ,10,Kiriroa,0,3,2011-08-18T00:00:01Z,9999-01-01T00:00:00Z
MWZ,20,Kiriroa,0,3,2004-02-28T11:00:00Z,2011-08-18T00:00:00Z
MXZ,10,Avalon GeoNet Undeployed Equipment Store,0,3,2011-08-17T12:00:01Z,9999-01-01T00:00:00Z
MXZ,10,Matakaoa Point,3,3,2004-02-28T11:00:00Z,2011-08-17T12:00:00Z
MXZ,10,Matakaoa Point,0,3,2011-08-17T12:00:01Z,9999-01-01T00:00:00Z
MXZ,20,Matakaoa Point,0,3,2004-02-28T11:00:00Z,2011-08-17T10:50:00Z
MYRZ,10,Mayor Island,0,1,2006-02-12T11:00:01Z,9999-01-01T00:00:00Z
NAPT,40,Port of Napier,0,1,2007-09-11T12:00:00Z,9999-01-01T00:00:00Z
NAPT,41,Port of Napier,1,1,2007-09-11T12:00:00Z,9999-01-01T00:00:00Z
NBEZ,10,Newall Road,0,3,2012-10-15T11:01:00Z,9999-01-01T00:00:00Z
NCPT,40,North Cape,0,1,2008-12-09T17:10:01Z,9999-01-01T00:00:00Z
NCPT,41,North Cape,1,1,2008-12-09T17:10:01Z,9999-01-01T00:00:00Z
NEZ,10,North Egmont Visitor Centre,0,1,2010-01-25T07:00:01Z,2014-05-04T12:00:00Z
NEZ,10,Taranaki Emergency Management Office,3,1,2002-09-19T21:38:00Z,2003-11-24T07:46:00Z
NEZ,10,Taranaki Emergency Management Office,0,1,2003-11-24T20:07:00Z,2010-01-24T11:00:00Z
NEZ,11,North Egmont Visitor Centre,0,3,2010-06-07T11:35:00Z,2014-05-04T12:01:00Z
NEZ,30,North Egmont Visitor Centre,3,1,2014-03-20T11:00:02Z,9999-01-01T00:00:00Z
NGA2,10,Mount Ngauruhoe 2006 Portable NGA2,0,3,2006-06-07T13:00:00Z,2006-10-31T09:00:00Z
NGA3,10,Mount Ngauruhoe 2006 Portable NGA3,0,3,2006-06-07T11:30:00Z,2006-10-31T09:00:00Z
NGA4,10,Mount Ngauruhoe 2008 Portable NGA4,0,3,2008-01-15T08:15:00Z,2008-02-06T12:00:00Z
NGA5,10,Mount Ngauruhoe 2008 Portable NGA5,0,3,2008-01-15T08:15:00Z,2008-02-06T12:00:00Z
NGA6,10,Mount Ngauruhoe 2008 Portable NGA6,0,3,2008-01-15T08:15:00Z,2008-02-06T12:00:00Z
NGRZ,10,Ngongotaha,0,3,2011-05-10T12:05:00Z,9999-01-01T00:00:00Z
NGZ,10,Chateau Observatory,2,1,1999-11-30T15:00:00Z,2004-02-18T22:00:00Z
NGZ,10,Ngauruhoe Seismic Station,0,3,2004-03-04T10:00:00Z,9999-01-01T00:00:00Z
NGZ,11,Chateau Observatory,2,1,2004-02-21T17:55:00Z,2004-03-04T09:00:00Z
NMEZ,10,Namu Road,0,3,2009-04-01T15:00:00Z,9999-01-01T00:00:00Z
NMHZ,10,Naumai,0,3,2008-02-12T14:01:00Z,9999-01-01T00:00:00Z
NNVZ,10,North Ngauruhoe,0,3,2015-03-26T14:00:00Z,9999-01-01T00:00:00Z
NNZ,10,Logan Vale Farm,3,3,2003-08-11T12:00:00Z,2012-01-05T10:00:00Z
NNZ,10,Logan Vale Farm,0,3,2012-01-05T10:10:00Z,9999-01-01T00:00:00Z
NNZ,20,Logan Vale Farm,0,3,2003-08-11T12:00:00Z,2012-01-05T10:00:00Z
NRZ,10,Taranaki Emergency Management Office,0,1,2002-09-19T21:38:00Z,2003-11-24T07:46:00Z
NRZ,10,Taranaki Emergency Management Office,3,1,2003-11-24T20:07:00Z,2009-06-10T09:00:00Z
NS01,10,MRP Ngatamariki Seismic 01,0,3,2013-01-31T11:10:00Z,9999-01-01T00:00:00Z
NS02,10,MRP Ngatamariki Seismic 02,0,3,2012-05-16T11:21:00Z,2015-01-26T11:00:00Z
NS03,10,MRP Ngatamariki Seismic 03,0,3,2012-05-16T09:50:00Z,9999-01-01T00:00:00Z
NS04,10,MRP Ngatamariki Seismic 04,0,3,2012-05-15T11:01:00Z,9999-01-01T00:00:00Z
NS05,10,MRP Ngatamariki Seismic 05,0,3,2012-10-30T11:00:10Z,2014-08-20T12:00:00Z
NS06,10,MRP Ngatamariki Seismic 06,0,3,2012-05-15T10:02:00Z,2012-10-31T11:00:00Z
NS07,10,MRP Ngatamariki Seismic 07,0,3,2012-05-15T12:01:00Z,9999-01-01T00:00:00Z
NS08,10,MRP Ngatamariki Seismic 08,0,3,2012-05-16T10:29:00Z,2015-04-22T12:00:00Z
NS09,10,MRP Ngatamariki Seismic 09,0,3,2012-05-15T09:01:00Z,2015-04-22T12:00:00Z
NS10,10,MRP Ngatamariki Seismic 10,0,3,2012-10-31T11:00:25Z,2014-06-30T12:00:00Z
NS11,10,MRP Ngatamariki Seismic 11,0,3,2012-10-31T11:00:25Z,9999-01-01T00:00:00Z
NS12,10,MRP Ngatamariki Seismic 12,0,3,2013-01-31T12:00:00Z,9999-01-01T00:00:00Z
NS13,10,MRP Ngatamariki Seismic 13,0,3,2013-02-11T11:45:00Z,9999-01-01T00:00:00Z
NS14,10,MRP Ngatamariki Seismic 14,0,3,2013-02-28T11:00:01Z,9999-01-01T00:00:00Z
NS15,10,MRP Ngatamariki Seismic 15,0,3,2015-04-30T12:01:00Z,9999-01-01T00:00:00Z
NS16,10,MRP Ngatamariki Seismic 16,0,3,2015-04-30T12:02:00Z,9999-01-01T00:00:00Z
NS18,10,MRP Ngatamariki Seismic 18,0,3,2015-04-23T13:00:00Z,9999-01-01T00:00:00Z
NTVZ,10,North Tongariro,0,3,2014-11-06T11:45:00Z,9999-01-01T00:00:00Z
NWEZ,10,Newall Road,0,1,2008-01-22T06:00:01Z,2012-10-15T11:00:00Z
ODZ,10,Otahua Downs,3,3,2003-09-10T18:00:00Z,2008-07-07T12:00:00Z
ODZ,10,Otahua Downs,0,3,2008-07-07T12:00:03Z,9999-01-01T00:00:00Z
ODZ,20,Otahua Downs,0,3,2003-09-10T18:00:00Z,2008-07-07T12:00:00Z
ODZ,20,Otahua Downs,3,3,2008-07-07T12:00:03Z,9999-01-01T00:00:00Z
OGWZ,10,Avalon GeoNet Undeployed Equipment Store,0,3,2007-09-23T13:15:00Z,2008-01-29T08:20:00Z
OGWZ,10,Otaki Gorge,0,3,2007-09-23T13:15:00Z,9999-01-01T00:00:00Z
OHWZ,10,Ohakea,0,3,2011-03-28T11:00:02Z,9999-01-01T00:00:00Z
OKCZ,10,Okains Bay,0,3,2012-02-29T11:00:00Z,9999-01-01T00:00:00Z
OKUC,10,Okuti Valley Road,0,3,2011-02-27T11:27:48Z,2012-02-29T11:00:00Z
OMRZ,10,Omania,0,3,2007-04-03T13:00:00Z,9999-01-01T00:00:00Z
OPRZ,10,Ohinepanea Seismic,0,3,2006-11-13T12:00:00Z,9999-01-01T00:00:00Z
OPUO,10,Opuha,0,3,2014-10-14T10:05:00Z,2015-04-09T14:30:00Z
OPZ,10,"Highcliff Hill, Dunedin",3,3,2008-06-26T13:30:00Z,9999-01-01T00:00:00Z
OPZ,20,"Highcliff Hill, Dunedin",0,3,2008-06-26T13:30:00Z,9999-01-01T00:00:00Z
OTAT,40,Dunedin Tsunami,0,1,2010-02-24T12:00:01Z,9999-01-01T00:00:00Z
OTAT,41,Dunedin Tsunami,1,1,2010-02-24T12:00:01Z,9999-01-01T00:00:00Z
OTAZ,10,Auckland Beca House,3,1,2001-03-22T15:39:00Z,2007-06-26T12:30:00Z
OTAZ,10,Auckland Beca House,0,1,2007-06-26T12:30:01Z,2009-12-22T11:00:00Z
OTKO,10,Otekaieke,0,3,2014-09-17T13:00:00Z,2015-04-10T17:00:00Z
OTVZ,10,Oturere,0,3,2004-11-17T15:00:00Z,2013-10-01T09:00:00Z
OTVZ,10,Oturere,3,3,2013-10-01T09:00:01Z,9999-01-01T00:00:00Z
OUZ,10,GNS Gracefield (Hutton),0,3,2002-08-29T20:00:00Z,2003-01-20T06:15:00Z
OUZ,10,Omahuta,0,3,2002-08-29T20:00:00Z,2003-01-20T06:15:00Z
OUZ,10,Omahuta,3,3,2003-08-25T17:00:00Z,2010-02-23T11:00:00Z
OUZ,10,Omahuta,0,3,2010-02-23T11:00:01Z,9999-01-01T00:00:00Z
OUZ,20,Omahuta,0,3,2003-08-25T17:00:00Z,2010-02-23T11:00:00Z
OUZ,20,Omahuta,3,3,2010-02-23T11:00:01Z,9999-01-01T00:00:00Z
OWKO,10,Owaka,0,3,2014-03-17T07:05:00Z,2014-09-10T17:00:00Z
OWQX,10,Owhiro Bay,0,3,2014-11-02T11:05:00Z,9999-01-01T00:00:00Z
OWQX,20,Owhiro Bay,0,3,2014-11-02T11:05:00Z,9999-01-01T00:00:00Z
OXZ,10,View Hill,3,3,2009-03-13T11:00:02Z,2014-10-29T11:00:00Z
OXZ,10,View Hill,0,3,2014-10-29T11:10:00Z,9999-01-01T00:00:00Z
OXZ,20,View Hill,0,3,2009-03-13T11:00:02Z,2014-10-29T11:00:00Z
PARZ,10,Rotorua Hinemoa Tower (old Trustbank building),8,1,1995-04-04T18:44:00Z,2002-12-08T01:43:00Z
PATO,10,Patearoa,0,3,2014-09-18T10:00:00Z,2015-04-12T13:00:00Z
PATZ,10,Rotorua Hinemoa Tower (old Trustbank building),1,1,1989-03-07T17:58:00Z,2006-08-18T13:00:01Z
PATZ,10,Rotorua Hinemoa Tower (old Trustbank building),2,1,2006-08-18T13:00:01Z,2007-04-30T12:00:00Z
PAWZ,10,Paruwai Farm,0,3,2004-07-13T12:00:00Z,9999-01-01T00:00:00Z
PKE,10,Pukeiti Hill,0,3,2003-10-28T03:00:00Z,9999-01-01T00:00:00Z
PKGZ,10,Pakihiroa,0,3,2010-06-21T12:00:00Z,9999-01-01T00:00:00Z
PKVZ,10,Pokaka,0,3,2005-03-15T08:00:00Z,9999-01-01T00:00:00Z
PLWZ,10,Kawakawa Station,0,3,2007-04-17T12:00:02Z,9999-01-01T00:00:00Z
PNHZ,10,Pukenui,0,3,2008-02-18T11:10:00Z,9999-01-01T00:00:00Z
POHC,10,Pohokura,0,3,2001-01-12T15:01:00Z,2001-06-26T03:55:00Z
POIC,10,Poihipi,0,3,2000-12-31T18:11:00Z,2001-02-24T10:00:00Z
POIZ,10,Poihipi,0,3,2005-07-04T13:00:00Z,9999-01-01T00:00:00Z
POWZ,10,Post Office Road,0,3,2008-04-22T12:05:00Z,9999-01-01T00:00:00Z
PREZ,10,Palmer Road,0,3,2010-02-22T11:00:01Z,9999-01-01T00:00:00Z
PREZ,31,Palmer Road,3,1,2014-05-13T12:01:00Z,9999-01-01T00:00:00Z
PREZ,32,Palmer Road,4,1,2014-05-13T12:01:00Z,9999-01-01T00:00:00Z
PREZ,33,Palmer Road,5,1,2014-05-13T12:01:00Z,9999-01-01T00:00:00Z
PRGZ,10,Paritu Road,0,3,2006-07-22T16:00:01Z,9999-01-01T00:00:00Z
PRHZ,10,Porangahau,0,3,2008-01-14T12:15:00Z,9999-01-01T00:00:00Z
PRKO,10,Park Hill,0,3,2014-03-11T13:10:00Z,2014-09-10T12:00:00Z
PRRZ,10,Plateau Road,0,3,2007-11-12T11:00:00Z,9999-01-01T00:00:00Z
PRWZ,10,Pori Road,0,3,2008-11-02T12:10:00Z,9999-01-01T00:00:00Z
PURC,10,Purau,0,3,2011-02-26T13:13:27Z,2011-10-18T12:22:44Z
PUYT,40,Puysegur Welcome Bay,0,1,2009-11-27T11:00:00Z,9999-01-01T00:00:00Z
PUYT,41,Puysegur Welcome Bay,1,1,2009-11-27T11:00:00Z,9999-01-01T00:00:00Z
PUZ,10,Puketiti,3,3,2003-08-19T12:00:00Z,2013-08-06T12:00:00Z
PUZ,10,Puketiti,0,3,2013-08-06T12:00:01Z,9999-01-01T00:00:00Z
PUZ,20,Puketiti,0,3,2003-08-19T12:00:00Z,2013-08-06T12:00:00Z
PWZ,10,Pawanui,3,3,2001-03-21T17:52:00Z,2005-08-14T18:00:00Z
PWZ,20,Pawanui,0,3,2001-03-20T12:00:00Z,2005-08-14T18:00:00Z
PXZ,10,Pawanui,3,3,2005-08-21T12:00:00Z,9999-01-01T00:00:00Z
PXZ,20,Pawanui,0,3,2005-08-21T12:00:00Z,9999-01-01T00:00:00Z
PYZ,10,Puysegur Point,3,3,2007-04-30T13:00:00Z,9999-01-01T00:00:00Z
PYZ,20,Puysegur Point,0,3,2007-04-30T13:00:00Z,9999-01-01T00:00:00Z
QRZ,10,GNS Avalon,0,3,2009-08-12T11:01:01Z,9999-01-01T00:00:00Z
QRZ,10,Nelson Lock Up (Storage World),0,3,2009-08-12T11:01:01Z,9999-01-01T00:00:00Z
QRZ,10,Quartz Range,3,3,2003-08-05T12:00:00Z,2009-08-12T11:00:00Z
QRZ,10,Quartz Range,0,3,2009-08-12T11:01:01Z,9999-01-01T00:00:00Z
QRZ,20,Quartz Range,0,3,2003-08-05T12:00:00Z,2009-08-12T11:00:00Z
QRZ,20,Quartz Range,3,3,2009-08-12T11:01:01Z,9999-01-01T00:00:00Z
RACZ,10,Rakaia,0,3,2012-06-26T18:45:00Z,9999-01-01T00:00:00Z
RAEZ,10,Taranaki Emergency Management Office,2,1,2008-04-23T12:00:01Z,2010-02-22T13:00:00Z
RAGZ,10,Rawiri Station,0,3,2009-06-09T15:30:05Z,9999-01-01T00:00:00Z
RAHZ,10,Arahi,0,3,2008-05-13T18:05:00Z,9999-01-01T00:00:00Z
RATZ,10,Old GNS Wairakei,2,1,1996-08-16T16:00:00Z,2000-12-03T06:12:00Z
RATZ,10,Rangitukua Reserve,0,3,2003-03-24T15:00:00Z,9999-01-01T00:00:00Z
RBCT,40,Raoul Island Boat Cove,0,1,2009-05-17T12:00:04Z,9999-01-01T00:00:00Z
RBCT,41,Raoul Island Boat Cove,1,1,2009-05-17T12:00:04Z,9999-01-01T00:00:00Z
RCBS,20,Redcliffs Borehole,0,3,2013-01-28T12:00:01Z,9999-01-01T00:00:00Z
RCBS,21,Redcliffs Borehole,3,3,2013-01-28T12:00:00Z,9999-01-01T00:00:00Z
RCHC,10,Richmond Hill,0,3,2011-02-25T15:30:43Z,2011-10-18T09:22:44Z
RF1R,10,East Paeroa,0,3,2004-03-22T11:59:00Z,2005-01-31T11:00:00Z
RF2R,10,Mangatete Road,0,3,2004-03-23T12:10:00Z,2005-01-31T11:00:00Z
RF3R,10,Lake Ohakuri,0,3,2004-03-18T10:17:00Z,2005-01-19T09:00:00Z
RF4R,10,Totara Road,0,3,2004-03-18T14:04:00Z,2004-12-21T11:00:00Z
RF5R,10,Parsons Road,0,3,2004-03-11T13:54:00Z,2005-01-31T11:00:00Z
RF6R,10,Tahunaatara Stream,0,3,2004-03-23T16:24:00Z,2004-12-22T10:00:00Z
RF7R,10,Short Road,0,3,2004-07-27T12:00:01Z,2005-04-03T12:00:00Z
RFRT,40,Raoul Island Fishing Rock,0,1,2009-05-17T12:00:04Z,9999-01-01T00:00:00Z
RFRT,41,Raoul Island Fishing Rock,1,1,2009-05-17T12:00:04Z,9999-01-01T00:00:00Z
RHBS,20,Richmond Hill Borehole,0,3,2013-01-29T12:00:00Z,2015-09-21T12:30:00Z
RHBS,21,Richmond Hill Borehole,3,3,2013-01-29T11:00:01Z,2015-09-21T12:30:05Z
RHOC,10,Rhodes Road,0,3,2011-02-26T17:11:45Z,2011-02-27T11:27:46Z
RIGZ,10,Rimuhau Hill,0,3,2009-06-08T11:00:05Z,9999-01-01T00:00:00Z
RITZ,10,Rihia Road,0,1,2003-04-03T22:00:01Z,9999-01-01T00:00:00Z
RIVH,10,Lathrope Road,0,3,2006-11-22T14:22:01Z,2007-05-13T12:00:00Z
RIVO,10,Riverton,0,3,2014-03-19T08:30:00Z,2014-09-12T12:00:00Z
RIZ,10,Raoul Island Met Station,3,3,2009-05-17T12:01:00Z,9999-01-01T00:00:00Z
RIZ,20,Raoul Island Met Station,0,3,2009-05-17T13:00:00Z,9999-01-01T00:00:00Z
RONF,10,South of Lake Ronald,0,3,2007-10-17T14:20:02Z,2007-11-27T09:00:00Z
ROXO,10,Roxburgh,0,3,2014-03-11T09:25:00Z,2014-10-06T09:00:00Z
RPZ,10,Rata Peaks,3,3,2001-06-05T12:00:00Z,2015-10-14T10:00:00Z
RPZ,10,Rata Peaks,0,3,2015-10-14T18:00:01Z,9999-01-01T00:00:00Z
RPZ,20,Rata Peaks,0,3,2001-06-05T12:00:00Z,2015-10-14T10:00:00Z
RRRZ,10,Republican Road,0,3,2007-12-10T12:00:00Z,9999-01-01T00:00:00Z
RT01,10,MRP Rotokawa 01,0,3,2008-07-02T09:40:00Z,9999-01-01T00:00:00Z
RT02,10,MRP Rotokawa 02,0,3,2008-07-02T09:27:01Z,2012-10-28T11:00:00Z
RT03,10,MRP Rotokawa 03,0,3,2008-07-02T14:58:22Z,2009-08-13T12:00:00Z
RT05,10,MRP Rotokawa 05,0,3,2008-07-02T10:31:00Z,9999-01-01T00:00:00Z
RT06,10,MRP Rotokawa 06,0,3,2008-07-02T14:58:22Z,2012-10-28T11:00:00Z
RT07,10,MRP Rotokawa 07,0,3,2008-07-02T10:54:02Z,2013-03-14T10:00:00Z
RT08,10,MRP Rotokawa 08,0,3,2008-07-02T12:30:00Z,2012-10-28T11:00:00Z
RT09,10,MRP Rotokawa 09,0,3,2008-10-29T12:01:01Z,2012-10-28T11:00:00Z
RT10,10,MRP Rotokawa 10,0,3,2008-10-29T11:01:01Z,2009-06-21T12:00:00Z
RT11,10,MRP Rotokawa 11,0,3,2009-03-12T11:00:01Z,2015-06-23T12:00:00Z
RT12,10,MRP Rotokawa 12,0,3,2011-05-28T12:00:10Z,9999-01-01T00:00:00Z
RT13,10,MRP Rotokawa 13,0,3,2012-10-28T11:00:25Z,2015-03-25T13:02:51Z
RT14,10,MRP Rotokawa 14,0,3,2012-10-28T11:00:25Z,9999-01-01T00:00:00Z
RT15,10,MRP Rotokawa 15,0,3,2012-10-31T11:00:20Z,2013-03-14T10:00:00Z
RT16,10,MRP Rotokawa 16,0,3,2012-10-31T11:00:20Z,2013-03-14T10:00:00Z
RT17,10,MRP Rotokawa 17,0,3,2012-10-31T11:00:20Z,9999-01-01T00:00:00Z
RT18,10,MRP Rotokawa 18,0,3,2013-03-14T10:02:00Z,9999-01-01T00:00:00Z
RT19,10,MRP Rotokawa 19,0,3,2013-03-14T10:02:00Z,9999-01-01T00:00:00Z
RT20,10,MRP Rotokawa 20,0,3,2013-03-14T10:02:00Z,2013-08-27T12:00:00Z
RT21,10,MRP Rotokawa 21,0,3,2013-08-27T14:00:00Z,9999-01-01T00:00:00Z
RT22,10,MRP Rotokawa 22,0,3,2015-06-24T11:06:00Z,9999-01-01T00:00:00Z
RT23,10,MRP Rotokawa 23,0,3,2015-06-24T12:32:00Z,9999-01-01T00:00:00Z
RTKC,10,Rangitaiki,0,3,2001-01-11T11:00:01Z,2001-06-26T03:50:00Z
RTZ,10,Ruatahuna,0,3,2011-05-04T12:05:00Z,9999-01-01T00:00:00Z
RUGF,10,Rugged Mountain,0,3,2007-10-17T10:59:02Z,2007-11-27T09:00:00Z
RUGZ,10,Raukumara Range,0,3,2011-05-18T15:00:00Z,9999-01-01T00:00:00Z
RVAZ,10,Lathrope Road,0,3,2008-04-01T12:00:00Z,2014-09-10T12:00:00Z
SAND,10,Sandy Knolls,0,3,2010-09-04T18:54:02Z,2010-09-28T11:00:00Z
SCHC,10,Scheres Farm,0,3,2001-01-16T20:59:00Z,2001-06-27T08:55:00Z
SKTD,10,Skate,0,3,2010-09-04T16:01:00Z,2010-09-28T10:59:00Z
SM01,10,MRP Mokai 01,0,3,2013-06-12T11:04:00Z,2013-10-03T09:49:00Z
SM02,10,MRP Mokai 02,0,3,2013-06-11T12:10:00Z,9999-01-01T00:00:00Z
SM03,10,MRP Mokai 03,0,3,2013-06-11T12:33:00Z,2013-07-18T12:00:00Z
SM04,10,MRP Mokai 04,0,3,2013-06-12T10:09:00Z,9999-01-01T00:00:00Z
SM05,10,MRP Mokai 05,0,3,2013-06-12T11:02:00Z,9999-01-01T00:00:00Z
SM06,10,MRP Mokai 06,0,3,2013-06-11T13:55:00Z,9999-01-01T00:00:00Z
SM07,10,MRP Mokai 07,0,3,2013-06-12T10:55:00Z,9999-01-01T00:00:00Z
SM08,10,MRP Mokai 08,0,3,2013-06-11T10:41:00Z,2014-08-24T15:57:00Z
SM09,10,MRP Mokai 09,0,3,2013-06-11T11:28:00Z,2013-10-03T07:30:00Z
SM10,10,MRP Mokai 10,0,3,2013-06-12T09:44:00Z,9999-01-01T00:00:00Z
SM11,10,MRP Mokai 11,0,3,2013-07-23T12:01:00Z,2014-08-25T09:45:00Z
SM13,10,MRP Mokai 13,0,3,2013-10-03T10:23:10Z,9999-01-01T00:00:00Z
SM14,10,MRP Mokai 14,0,3,2014-02-10T14:09:00Z,2014-08-25T12:46:00Z
SM15,10,MRP Mokai 15,0,3,2014-08-25T11:05:00Z,9999-01-01T00:00:00Z
SM16,10,MRP Mokai 16,0,3,2014-08-26T11:05:00Z,9999-01-01T00:00:00Z
SM17,10,MRP Mokai 17,0,3,2014-08-25T13:51:00Z,9999-01-01T00:00:00Z
SM1F,20,Muller Station,0,3,2013-08-21T02:50:00Z,2013-11-18T21:00:00Z
SM2F,20,Gladstone Station,0,3,2013-08-20T22:10:00Z,2013-11-18T21:00:00Z
SNGZ,10,Shannon Station,0,3,2009-06-07T15:00:00Z,9999-01-01T00:00:00Z
SNVZ,10,South Ngauruhoe,0,3,2015-03-26T13:00:00Z,9999-01-01T00:00:00Z
SPCV,10,Supper Cove,0,3,2009-07-16T16:01:00Z,2009-09-14T11:44:00Z
STLD,10,Steel,0,3,2010-09-04T13:04:00Z,2010-09-28T11:00:00Z
SUMT,40,Sumner Head,0,1,2010-08-10T11:30:00Z,9999-01-01T00:00:00Z
SUMT,41,Sumner Head,1,1,2010-08-10T11:30:00Z,9999-01-01T00:00:00Z
SUTO,10,GNS Wairakei Grange Building Storeroom,0,3,2014-03-12T13:45:00Z,2014-10-07T13:00:00Z
SUTO,10,Sutton,0,3,2014-03-12T13:45:00Z,2014-10-07T13:00:00Z
SWDO,10,Sherwood Downs,0,3,2014-10-13T11:01:00Z,2015-04-09T11:59:00Z
SYZ,10,Waikawa Valley,0,3,2006-05-04T12:20:00Z,2007-11-28T11:13:00Z
SYZ,10,Waikawa Valley,3,3,2007-11-28T11:13:05Z,9999-01-01T00:00:00Z
SYZ,20,Waikawa Valley,0,3,2007-11-28T11:13:05Z,9999-01-01T00:00:00Z
TAIO,10,Taieri,0,3,2014-03-10T10:31:00Z,2014-10-05T13:00:00Z
TANF,10,Avalon GeoNet Undeployed Equipment Store,0,3,2007-10-17T07:10:01Z,2007-11-27T09:00:00Z
TANF,10,Mount Tanilba,0,3,2007-10-17T07:10:01Z,2007-11-27T09:00:00Z
TARZ,10,Mount Tarawera,0,3,2007-11-21T12:00:00Z,9999-01-01T00:00:00Z
TAUC,10,GNS Gracefield (Hutton),0,3,2001-01-11T07:41:00Z,2001-06-25T04:25:00Z
TAUC,10,Tauhara (Mountain Road),0,3,2001-01-11T07:41:00Z,2001-06-25T04:25:00Z
TAUT,40,Port of Tauranga,0,1,2008-05-20T14:00:02Z,9999-01-01T00:00:00Z
TAUT,41,Port of Tauranga,1,1,2008-05-20T14:00:02Z,9999-01-01T00:00:00Z
TAZ,10,Mount Tarawera,0,1,2007-11-21T08:00:01Z,2007-12-16T17:00:00Z
TAZ,10,Rotorua Hinemoa Tower (old Trustbank building),0,1,1988-11-14T16:17:00Z,1993-07-05T11:00:00Z
TAZ,10,Rotorua Hinemoa Tower (old Trustbank building),2,1,1993-07-06T13:16:00Z,2006-08-18T13:00:01Z
TAZ,10,Rotorua Hinemoa Tower (old Trustbank building),1,1,2006-08-18T13:00:01Z,2007-12-16T17:00:00Z
TBLO,10,Table Hill,0,3,2014-03-10T13:50:00Z,2014-10-05T15:00:00Z
TCW,10,Tory Channel,0,3,2005-04-20T02:49:00Z,9999-01-01T00:00:00Z
TCW,20,Tory Channel,0,3,2011-03-24T11:00:02Z,9999-01-01T00:00:00Z
TETC,10,Te Tarata,0,3,2001-01-09T23:20:00Z,2001-04-27T22:45:00Z
TGRZ,10,Welcome Bay Road,0,3,2003-02-17T19:00:01Z,9999-01-01T00:00:00Z
THLX,10,Tinakori Hill,0,3,2014-08-24T12:05:00Z,2015-03-23T11:00:00Z
THLX,20,Tinakori Hill,0,3,2014-08-24T12:05:00Z,2015-03-23T11:00:00Z
THQ2,10,Tauhara North,0,3,2012-12-17T12:00:00Z,9999-01-01T00:00:00Z
THZ,10,Top House Station,3,3,2003-08-07T15:21:00Z,2014-04-03T01:00:00Z
THZ,10,Top House Station,0,3,2014-04-03T01:01:01Z,9999-01-01T00:00:00Z
THZ,20,Top House Station,0,3,2003-08-07T12:00:00Z,2014-04-03T00:55:00Z
TIWZ,10,Tintock,0,3,2006-03-06T23:00:02Z,9999-01-01T00:00:00Z
TKGZ,10,Rangatira Station,0,3,2010-03-12T17:05:00Z,9999-01-01T00:00:00Z
TKNZ,10,Takaka Hill,0,3,2014-06-17T12:00:10Z,9999-01-01T00:00:00Z
TLZ,10,Tolley Road,3,3,2009-05-06T13:00:00Z,9999-01-01T00:00:00Z
TLZ,20,Tolley Road,0,3,2009-05-06T13:00:00Z,9999-01-01T00:00:00Z
TMVZ,10,Te Maari,3,3,2013-05-13T12:03:10Z,9999-01-01T00:00:00Z
TMVZ,30,Te Maari,3,1,2013-05-13T15:00:00Z,9999-01-01T00:00:00Z
TMWZ,10,Te Maipa,0,3,2007-02-23T08:18:00Z,9999-01-01T00:00:00Z
TON1,10,Tongariro 1,0,3,2012-07-20T09:45:00Z,2013-06-06T12:00:00Z
TON2,10,Tongariro 2,0,3,2012-07-20T09:30:00Z,2012-10-11T11:00:00Z
TON3,10,East Tongariro,0,3,2012-07-20T11:10:00Z,2013-06-06T12:00:00Z
TON4,10,Tongariro 4,0,3,2012-07-20T11:05:01Z,2013-06-06T12:00:00Z
TON7,10,Tongariro 7,0,3,2012-08-22T12:01:00Z,2013-06-06T12:00:00Z
TON8,10,North Tongariro,0,3,2013-06-06T13:02:00Z,2014-11-06T10:59:00Z
TOVZ,30,Turoa Road End,0,1,2009-02-10T15:00:00Z,9999-01-01T00:00:00Z
TOZ,10,Tahuroa Road,3,3,1998-10-14T11:00:00Z,9999-01-01T00:00:00Z
TOZ,20,Tahuroa Road,0,3,1998-10-14T11:00:00Z,9999-01-01T00:00:00Z
TRVZ,10,Turoa Top of Giant,0,3,2005-03-15T12:00:00Z,2009-04-14T09:15:00Z
TRVZ,10,Turoa Top of Giant,3,3,2009-04-14T10:00:00Z,9999-01-01T00:00:00Z
TRVZ,30,Turoa Top of Giant,3,1,2009-04-14T10:15:00Z,9999-01-01T00:00:00Z
TRWZ,10,Traveller,0,3,2005-06-21T12:00:00Z,9999-01-01T00:00:00Z
TSZ,10,Takapari Road,3,3,2004-01-25T11:00:00Z,2013-07-01T11:00:00Z
TSZ,10,Takapari Road,0,3,2013-07-01T14:00:01Z,9999-01-01T00:00:00Z
TSZ,20,Takapari Road,0,3,2004-01-25T11:00:00Z,2013-07-01T11:00:00Z
TUKC,10,Tukairangi Road,0,3,2001-02-24T13:59:00Z,2001-06-24T06:44:00Z
TUTO,10,Tuturau,0,3,2014-03-16T10:10:00Z,2014-09-12T12:00:00Z
TUVZ,10,Chateau Observatory,3,1,1999-11-30T15:00:00Z,2004-02-18T22:00:00Z
TUVZ,10,Tukino,0,3,2004-06-01T09:00:00Z,9999-01-01T00:00:00Z
TUVZ,11,Chateau Observatory,3,1,2004-02-21T17:00:00Z,2004-06-01T08:00:00Z
TUWZ,10,Tuamarina,0,3,2004-05-04T12:00:00Z,9999-01-01T00:00:00Z
TUZ,10,Tuapeka,3,3,2003-09-09T12:00:00Z,9999-01-01T00:00:00Z
TUZ,20,Tuapeka,0,3,2003-09-09T12:00:00Z,2015-10-26T16:00:00Z
TWGZ,10,Tauwhareparae Station,0,3,2009-12-08T23:05:00Z,9999-01-01T00:00:00Z
TWVZ,10,Taurewa,0,3,2004-05-17T14:00:00Z,9999-01-01T00:00:00Z
URZ,10,Matahi Valley,3,3,2001-05-20T12:00:00Z,2014-05-26T12:00:00Z
URZ,10,Matahi Valley,0,3,2014-05-26T12:00:01Z,9999-01-01T00:00:00Z
URZ,20,Matahi Valley,0,3,2001-05-20T12:00:00Z,2014-05-26T12:00:00Z
UTU,10,Rotorua Hinemoa Tower (old Trustbank building),2,1,1988-11-14T16:17:00Z,1993-07-05T11:00:00Z
UTU,10,Rotorua Hinemoa Tower (old Trustbank building),0,1,1993-07-06T13:16:00Z,2006-02-10T18:00:00Z
UTU,10,Utuhina,0,1,2006-02-10T11:00:01Z,9999-01-01T00:00:00Z
VRZ,10,Vera Road,3,3,2003-11-25T11:00:00Z,2014-03-18T11:00:00Z
VRZ,10,Vera Road,0,3,2014-03-18T11:04:11Z,9999-01-01T00:00:00Z
VRZ,20,Vera Road,0,3,2003-11-25T11:00:00Z,2014-03-18T11:00:00Z
WACZ,10,Wakanui,0,3,2013-04-02T16:00:00Z,9999-01-01T00:00:00Z
WAIC,10,Waipapa,0,3,2001-01-15T22:53:00Z,2001-06-27T08:55:00Z
WATZ,10,Old GNS Wairakei,1,1,1998-03-25T10:00:00Z,2000-12-03T06:12:00Z
WATZ,10,Waihaha,0,3,2003-04-02T17:00:00Z,9999-01-01T00:00:00Z
WATZ,12,Old GNS Wairakei,1,1,1996-08-16T16:36:00Z,1996-09-03T13:22:00Z
WAZ,10,Tokomaru West Road,3,3,2003-07-17T12:00:00Z,2013-12-21T11:05:00Z
WAZ,10,Tokomaru West Road,0,3,2013-12-21T11:05:01Z,9999-01-01T00:00:00Z
WAZ,20,Tokomaru West Road,0,3,2003-07-17T12:00:00Z,2013-12-21T11:00:00Z
WCZ,10,GNS Gracefield (Hutton),0,3,2002-08-29T06:25:00Z,2003-01-17T13:20:00Z
WCZ,10,Waipu Caves,0,3,2002-08-29T06:25:00Z,2003-01-17T13:20:00Z
WCZ,10,Waipu Caves,3,3,2003-08-25T12:00:00Z,9999-01-01T00:00:00Z
WCZ,20,Waipu Caves,0,3,2003-08-25T12:00:00Z,9999-01-01T00:00:00Z
WDSZ,10,Whataroa DFDP2 Whataroa River Valley (WDSZ),0,3,2014-06-22T12:00:05Z,9999-01-01T00:00:00Z
WEL,10,Wellington Dominion Observatory,3,3,2008-12-17T12:15:00Z,9999-01-01T00:00:00Z
WEL,10,Wellington Dominion Observatory,0,3,2014-07-23T15:30:01Z,2014-11-02T13:05:00Z
WEL,10,Wellington Dominion Observatory,3,3,2014-11-02T13:05:01Z,9999-01-01T00:00:00Z
WEL,20,Wellington Dominion Observatory,0,3,2003-04-07T12:00:01Z,9999-01-01T00:00:00Z
WHAO,10,Waihao,0,3,2014-10-12T12:01:00Z,2015-04-11T13:00:00Z
WHHZ,10,Waihua,0,3,2009-06-07T10:40:05Z,9999-01-01T00:00:00Z
WHRZ,10,Whale Island,0,3,2011-06-26T13:00:00Z,9999-01-01T00:00:00Z
WHTZ,10,Old GNS Wairakei,0,1,1998-04-07T02:33:00Z,2000-12-03T06:12:00Z
WHTZ,10,Whakaroa,0,1,2003-03-25T17:00:02Z,9999-01-01T00:00:00Z
WHTZ,12,Old GNS Wairakei,0,1,1996-08-16T16:36:00Z,1996-09-03T13:22:00Z
WHVZ,10,Whangaehu Hut,3,3,2009-04-13T12:30:00Z,9999-01-01T00:00:00Z
WHVZ,30,Whangaehu Hut,3,1,2009-03-24T15:00:00Z,9999-01-01T00:00:00Z
WHZ,10,Wether Hill Road,3,3,2001-04-07T09:53:00Z,2014-06-04T12:00:00Z
WHZ,10,Wether Hill Road,0,3,2014-06-04T12:00:01Z,9999-01-01T00:00:00Z
WHZ,20,Wether Hill Road,0,3,2001-04-04T12:00:00Z,2014-06-04T17:00:00Z
WI01,10,White Island 01,0,3,2011-06-12T12:01:00Z,2011-11-22T11:00:00Z
WI02,10,White Island 02,0,3,2011-06-13T12:45:02Z,2011-08-23T12:00:00Z
WI03,10,White Island 03,0,3,2011-06-13T10:27:02Z,2011-11-22T11:00:00Z
WI04,10,White Island 04,0,3,2011-06-13T11:05:02Z,2011-11-22T11:00:00Z
WI05,10,White Island 05,0,3,2011-06-13T09:40:02Z,2011-11-22T11:00:00Z
WI06,10,White Island 06,0,3,2011-06-12T13:12:02Z,2011-11-22T11:00:00Z
WI07,10,White Island 07,0,3,2011-06-12T12:12:02Z,2011-11-22T11:00:00Z
WI08,10,White Island 08,0,3,2011-06-13T10:06:12Z,2011-11-22T11:00:00Z
WI09,10,White Island 09,0,3,2011-06-13T10:56:02Z,2011-11-22T11:00:00Z
WI10,10,White Island 10,0,3,2011-06-12T14:18:02Z,2011-11-22T11:00:00Z
WI12,10,White Island 12,0,3,2011-06-12T12:01:02Z,2011-11-22T11:00:00Z
WI13,10,White Island 13,0,3,2011-06-12T12:00:02Z,2011-11-22T11:00:00Z
WI14,10,White Island 14,0,3,2011-06-12T12:00:02Z,2011-11-22T11:00:00Z
WI15,10,White Island 15,0,3,2011-06-12T12:00:02Z,2011-11-22T11:00:00Z
WIAZ,10,Waiheke Station,0,3,2010-07-26T15:15:00Z,9999-01-01T00:00:00Z
WIZ,10,Rotorua Hinemoa Tower (old Trustbank building),1,1,1988-11-15T18:00:00Z,1989-03-06T02:00:00Z
WIZ,10,Rotorua Hinemoa Tower (old Trustbank building),5,1,1993-08-24T02:01:00Z,2006-08-18T13:00:01Z
WIZ,10,White Island - South Rim,0,1,2006-09-18T12:00:01Z,2007-04-18T15:00:00Z
WIZ,10,White Island - South Rim,3,3,2007-04-18T16:00:00Z,9999-01-01T00:00:00Z
WIZ,30,White Island - South Rim,0,1,2006-09-18T12:00:01Z,2007-04-18T15:00:00Z
WIZ,30,White Island - South Rim,3,1,2007-04-18T15:00:01Z,9999-01-01T00:00:00Z
WIZ,31,White Island - South Rim,3,1,2015-01-21T11:00:00Z,9999-01-01T00:00:00Z
WIZ,32,White Island - South Rim,4,1,2015-01-21T11:00:00Z,9999-01-01T00:00:00Z
WKIO,10,Waikaia,0,3,2014-03-18T11:50:00Z,2014-09-13T12:00:00Z
WKTO,10,Waikouaiti,0,3,2014-09-16T15:10:00Z,2015-04-14T19:00:00Z
WKZ,10,Branch Creek Road,3,3,2004-06-02T12:00:00Z,9999-01-01T00:00:00Z
WKZ,20,Branch Creek Road,0,3,2004-06-02T12:00:00Z,9999-01-01T00:00:00Z
WLGT,40,Queen's Wharf Shed 1,0,1,2007-03-05T11:00:02Z,9999-01-01T00:00:00Z
WLGT,41,Queen's Wharf Shed 1,1,1,2008-06-05T16:00:00Z,9999-01-01T00:00:00Z
WMGZ,10,Waiomatatini Station,0,3,2009-12-09T19:05:00Z,9999-01-01T00:00:00Z
WMHO,10,Waimahaka,0,3,2014-03-19T12:10:01Z,2014-09-13T12:00:00Z
WMSZ,10,Whataroa DFDP2 Mint Creek,0,3,2014-06-22T12:00:05Z,9999-01-01T00:00:00Z
WNVZ,10,Wahianoa,0,3,2004-04-14T12:00:01Z,2010-04-08T09:50:00Z
WNVZ,11,Wahianoa,0,3,2010-04-08T14:30:00Z,9999-01-01T00:00:00Z
WPAO,10,Waipahi,0,3,2014-03-16T12:20:00Z,2014-09-11T16:00:00Z
WPHZ,10,The Home Place,0,3,2006-10-19T07:38:00Z,9999-01-01T00:00:00Z
WPRZ,10,Whakapapataringa,0,3,2010-03-24T14:36:01Z,9999-01-01T00:00:00Z
WPSZ,10,Whataroa DFDP2 Whataroa River Valley (WPSZ),0,3,2014-06-22T12:00:05Z,9999-01-01T00:00:00Z
WPVZ,10,Whakapapa,0,3,2003-12-09T22:00:02Z,2010-11-30T09:00:00Z
WSRZ,10,White Island - Summit,3,3,2013-04-07T16:00:00Z,9999-01-01T00:00:00Z
WSRZ,30,White Island - Summit,3,1,2013-04-07T16:00:00Z,9999-01-01T00:00:00Z
WSRZ,31,White Island - Summit,4,1,2014-11-19T13:00:00Z,9999-01-01T00:00:00Z
WSRZ,32,White Island - Summit,5,1,2014-11-19T13:00:00Z,9999-01-01T00:00:00Z
WTAZ,10,Auckland Beca House,2,1,2001-03-22T15:39:00Z,2006-12-12T13:20:00Z
WTAZ,10,Waiatarua,0,1,2006-12-12T13:20:01Z,9999-01-01T00:00:00Z
WTSZ,10,Whataroa DFDP2 Whataroa River Valley (WTSZ),0,3,2014-06-22T12:00:05Z,9999-01-01T00:00:00Z
WTVZ,10,West Tongariro,0,3,2004-03-04T10:00:00Z,9999-01-01T00:00:00Z
WTVZ,30,West Tongariro,3,1,2013-09-17T14:06:00Z,9999-01-01T00:00:00Z
WVZ,10,Waitaha Valley,3,3,2003-09-05T12:00:00Z,2011-10-09T11:00:00Z
WVZ,10,Waitaha Valley,0,3,2011-10-09T11:00:01Z,9999-01-01T00:00:00Z
WVZ,20,Waitaha Valley,0,3,2003-09-05T12:00:00Z,2011-10-09T11:00:00Z
YUPC,10,Yup Farm,0,3,2001-01-14T22:33:00Z,2001-06-27T08:55:00Z
